exchange	link	category	title	scraping_time	processed
Gate.io	https://www.gate.io/announcements/article/39201	Activities	Gate.io Startup Projects Voting Campaign 6: Cast Your Vote, Share a $5,000 Prize Pool	2024-09-12 18:25:40	No
Gate.io	https://www.gate.io/announcements/article/39197	Activities	New Airdrop Project Lynex in Gate Web3 Tasks Linea Eco Carnival: Share 133,000 LYNX Tokens, Complete All Tasks to Win a Chance to Receive Rewards!	2024-09-12 18:25:40	No
Gate.io	https://www.gate.io/announcements/article/39195	Activities	Gate.io Answer & Earn: Take the Quiz on Imaginary Ones (BUBBLE) to Share 500,000 BUBBLE Prizes	2024-09-12 18:25:40	No
Gate.io	https://www.gate.io/announcements/article/39193	Activities	New Airdrop Project Flap in Gate Web3 Tasks: Share 250,000 Points, Complete All Tasks to Win a Chance to Receive Rewards!	2024-09-12 18:25:40	No
Gate.io	https://www.gate.io/announcements/article/39190	Activities	Gate.io Answer & Earn: Take the Quiz on Cross The Ages (CTA) to Share 12,000 CTA Prizes	2024-09-12 18:25:40	No
Gate.io	https://www.gate.io/announcements/article/39187	Activities	[Watch the Live Stream to Get Red Packets]: Journey as a Lead Trader Star EP2 ft. Xiaosa loves to eat cookie	2024-09-12 18:25:40	No
Gate.io	https://www.gate.io/announcements/article/39186	Activities	Gate.io CATI Trading League: Form a Team, Trade to Split $50,000	2024-09-12 18:25:40	No
Gate.io	https://www.gate.io/announcements/article/39177	Activities	Announcement on Gate Web3 Startup Token Project Zero1 Labs (DEAI) and Rules of Participation in Win and Share 16,483 DEAI for Free	2024-09-12 18:25:40	No
Gate.io	https://www.gate.io/announcements/article/39173	Activities	Gate.io Opens Fractal Bitcoin (FB) Deposits: Deposit Now to Share $20,000 Rewards	2024-09-12 18:25:40	No
Gate.io	https://www.gate.io/announcements/article/39161	Activities	New Airdrop Project NeiroETH in Gate Web3 Tasks: Share 30,000 $NEIRO Tokens, Complete All Tasks to Win a Chance to Receive Rewards!	2024-09-12 18:25:40	No
Gate.io	https://www.gate.io/announcements/article/39159	Activities	Gate.io Convert Trading Blitz #2: Dive into the $10,000 Prize Pool with 0 Trading Fees	2024-09-12 18:25:40	No
Gate.io	https://www.gate.io/announcements/article/39152	Activities	Gate.io HMSTR Trading League: Form a Team, Trade to Split $15,000	2024-09-12 18:25:40	No
Gate.io	https://www.gate.io/announcements/article/39149	Activities	Gate.io Answer & Earn: Take the Quiz on Spectral (SPEC) to Share 1,304 SPEC Prizes	2024-09-12 18:25:40	No
Gate.io	https://www.gate.io/announcements/article/39135	Activities	Gate Web3 Tasks PoP Planet Airdrop Project Award Results	2024-09-12 18:25:40	No
Gate.io	https://www.gate.io/announcements/article/39134	Activities	Gate Web3 Tasks Over Protocol Airdrop Project Award Results	2024-09-12 18:25:40	No
Gate.io	https://www.gate.io/announcements/article/38963	Bi-Weekly Report	Gate.io Bi-Weekly Report (August 16-31, 2024)	2024-09-12 18:25:42	No
Gate.io	https://www.gate.io/announcements/article/38636	Bi-Weekly Report	Gate.io Bi-Weekly Report (August 1-15, 2024)	2024-09-12 18:25:42	No
Gate.io	https://www.gate.io/announcements/article/38317	Bi-Weekly Report	Gate.io Bi-Weekly Report (July 16-31, 2024)	2024-09-12 18:25:42	No
Gate.io	https://www.gate.io/announcements/article/37932	Bi-Weekly Report	Gate.io Bi-Weekly Report (July 1-15, 2024)	2024-09-12 18:25:42	No
Gate.io	https://www.gate.io/announcements/article/37599	Bi-Weekly Report	Gate.io Bi-Weekly Report (June 16-30, 2024)	2024-09-12 18:25:42	No
Gate.io	https://www.gate.io/announcements/article/37292	Bi-Weekly Report	Gate.io Bi-Weekly Report (June 1-15, 2024)	2024-09-12 18:25:42	No
Gate.io	https://www.gate.io/announcements/article/36944	Bi-Weekly Report	Gate.io Bi-Weekly Report (May 16-31, 2024)	2024-09-12 18:25:42	No
Gate.io	https://www.gate.io/announcements/article/36677	Bi-Weekly Report	Earn 30 USDT Cashback with Bank Transfer on Gate Connect!	2024-09-12 18:25:42	No
Gate.io	https://www.gate.io/announcements/article/36627	Bi-Weekly Report	Gate.io Bi-Weekly Report (May 1-15, 2024)	2024-09-12 18:25:42	No
Gate.io	https://www.gate.io/announcements/article/36345	Bi-Weekly Report	Gate.io Bi-Weekly Report (April 16-30, 2024)	2024-09-12 18:25:42	No
Gate.io	https://www.gate.io/announcements/article/35969	Bi-Weekly Report	Gate.io Bi-Weekly Report (April 1-15, 2024)	2024-09-12 18:25:42	No
Gate.io	https://www.gate.io/announcements/article/35596	Bi-Weekly Report	Gate.io Bi-Weekly Report (March 16-31, 2024)	2024-09-12 18:25:42	No
Gate.io	https://www.gate.io/announcements/article/35155	Bi-Weekly Report	Gate.io Bi-Weekly Report (March 01-15, 2024)	2024-09-12 18:25:42	No
Gate.io	https://www.gate.io/announcements/article/34820	Bi-Weekly Report	Gate.io Bi-Weekly Report (February 16-29, 2024)	2024-09-12 18:25:42	No
Gate.io	https://www.gate.io/announcements/article/34624	Bi-Weekly Report	Gate.io Bi-Weekly Report (February 01-15, 2024)	2024-09-12 18:25:42	No
Gate.io	https://www.gate.io/announcements/article/39147	Institutional & VIP	Gate.io Unified Account to Launch the Fourth Batch of Tiered Borrowing Maintenance Margin Rate on September 12th	2024-09-12 18:25:45	No
Gate.io	https://www.gate.io/announcements/article/39145	Institutional & VIP	SOCCER2050 Match: The Prediction Game is Live, Exciting Showdown Await	2024-09-12 18:25:45	No
Gate.io	https://www.gate.io/announcements/article/39117	Institutional & VIP	SOCCER2050 On-site Audience Recruitment	2024-09-12 18:25:45	No
Gate.io	https://www.gate.io/announcements/article/39035	Institutional & VIP	SOCCER2050 - Player Recruitment is ON!	2024-09-12 18:25:45	No
Gate.io	https://www.gate.io/announcements/article/38815	Institutional & VIP	Gate.io Unified Account to Launch the Third Batch of Tiered Borrowing Maintenance Margin Rate on August 28th	2024-09-12 18:25:45	No
Gate.io	https://www.gate.io/announcements/article/38747	Institutional & VIP	Gate.io VIP Customer Referral Program Continues: Enjoy High Commission + Unlimited Cash Reward	2024-09-12 18:25:45	No
Gate.io	https://www.gate.io/announcements/article/38720	Institutional & VIP	Gate.io Unified Account Adds New Collateral Coins on August 21st	2024-09-12 18:25:45	No
Gate.io	https://www.gate.io/announcements/article/38656	Institutional & VIP	Gate Global Taker Incentive Program: Futures & Spot Taker Rates Update (2024.9.1)	2024-09-12 18:25:45	No
Gate.io	https://www.gate.io/announcements/article/38570	Institutional & VIP	New Gate.io VIP Upgrade, Participate in the Ultimate Experience with the Lowest 0% Fee!	2024-09-12 18:25:45	No
Gate.io	https://www.gate.io/announcements/article/38434	Institutional & VIP	GMMC Market Maker Program - Updates to Trading Pairs and Quoting Requirements	2024-09-12 18:25:45	No
Gate.io	https://www.gate.io/announcements/article/38255	Institutional & VIP	Gate.io API Rate Limit Policy Update for Enhanced Perpetual Futures Trading	2024-09-12 18:25:45	No
Gate.io	https://www.gate.io/announcements/article/37952	Institutional & VIP	5th API Trading Carnival Launches, Win $100,000 Bonus + iPhone 15 Pro Max!	2024-09-12 18:25:45	No
Gate.io	https://www.gate.io/announcements/article/37720	Institutional & VIP	Gate Institutional Loan Program, with up to $10 Million Interest-Free Loans for VIP clients	2024-09-12 18:25:45	No
Gate.io	https://www.gate.io/announcements/article/37715	Institutional & VIP	Gate.io Broker Program Continues, Exclusive Commission Rebate Offer!	2024-09-12 18:25:45	No
Gate.io	https://www.gate.io/announcements/article/37645	Institutional & VIP	Gate.io Unified Account to Launch the Second Batch of Tiered Borrowing Maintenance Margin Rate on July 11th	2024-09-12 18:25:45	No
Gate.io	https://www.gate.io/announcements/article/39184	Gate Learn	Gate Learn Weekly Picks	2024-09-12 18:25:47	No
Gate.io	https://www.gate.io/announcements/article/39174	Gate Learn	Gate Research: Bitcoin Mining Difficulty Hits All-Time High, ENS Partners with PayPal	2024-09-12 18:25:47	No
Gate.io	https://www.gate.io/announcements/article/39142	Gate Learn	Gate Research: Bitcoin Rebounds Today, Friend.Tech Under Fire for Soft Rug	2024-09-12 18:25:47	No
Gate.io	https://www.gate.io/announcements/article/39137	Gate Learn	Gate Learn Must Read! Pixelverse, Hoge Finance, On-Chain Games, Khalani, and Arweave	2024-09-12 18:25:47	No
Gate.io	https://www.gate.io/announcements/article/39123	Gate Learn	Gate Learn New Courses is Live! L2 Deep Dives: Myria (MYRIA)	2024-09-12 18:25:47	No
Gate.io	https://www.gate.io/announcements/article/39121	Gate Learn	Gate Research: Crypto Market Fluctuates at Low Levels, U.S. Stock Indexes Fall, Fractal Bitcoin Mainnet Launches	2024-09-12 18:25:47	No
Gate.io	https://www.gate.io/announcements/article/39102	Gate Learn	Gate Learn New Courses is Live! Introduction to Telos	2024-09-12 18:25:47	No
Gate.io	https://www.gate.io/announcements/article/39072	Gate Learn	Gate Learn Must Read! ZKThreads, Gamium, Karat, Sanctum, and Wing Finance	2024-09-12 18:25:47	No
Gate.io	https://www.gate.io/announcements/article/39063	Gate Learn	Gate Research: BTC and ETH Weakened Amid September Effect, Ethervista Trading Volume Surpasses $100 Million	2024-09-12 18:25:47	No
Gate.io	https://www.gate.io/announcements/article/39057	Gate Learn	Gate Learn Weekly Picks	2024-09-12 18:25:47	No
Gate.io	https://www.gate.io/announcements/article/39037	Gate Learn	Gate Research: Ethereum Mainnet Revenue Drops by 99%, Expectations for Bank of Japan Rate Hike Heats Up	2024-09-12 18:25:47	No
Gate.io	https://www.gate.io/announcements/article/39018	Gate Learn	Gate Research: Bitcoin Rebound Boosts General Rise in the Inscription and Other Sectors; Pendle eBTC Yield Leads the Market	2024-09-12 18:25:47	No
Gate.io	https://www.gate.io/announcements/article/38988	Gate Learn	Gate Research: Symbiotic TVL Surpasses $1.5 Billion, BlackRocks BTC Spot ETF Records Net Outflows in a Day	2024-09-12 18:25:47	No
Gate.io	https://www.gate.io/announcements/article/38973	Gate Learn	Gate Learn Must Read! ThirdWeb, PancakeSwap, Farcana, Chintai, and Zignaly	2024-09-12 18:25:47	No
Gate.io	https://www.gate.io/announcements/article/39068	Delisting	Gate.io Completes Delisting and Buyback of ZKX (ZKX) and Catgirl (CATGIRL)	2024-09-12 18:25:49	No
Gate.io	https://www.gate.io/announcements/article/39019	Delisting	Gate.io Completes Delisting and Buyback of Envoy (ENV)	2024-09-12 18:25:49	No
Gate.io	https://www.gate.io/announcements/article/38999	Delisting	Gate.io Delists PLY, PPS, EDR, BBK, and Other Tokens	2024-09-12 18:25:49	No
Gate.io	https://www.gate.io/announcements/article/38984	Delisting	Gate.io to Delist NFTMart Token (NMT)	2024-09-12 18:25:49	No
Gate.io	https://www.gate.io/announcements/article/38977	Delisting	Gate.io to Delist Formation FI (FORM)	2024-09-12 18:25:49	No
Gate.io	https://www.gate.io/announcements/article/38947	Delisting	Gate.io to Delist MATIC Weekly Delivery Futures Market	2024-09-12 18:25:49	No
Gate.io	https://www.gate.io/announcements/article/38945	Delisting	Gate.io Supports Ignore Fud (4TOKEN) Migration to Fishkoin (KOIN) and Delists Fishkoin (KOIN)	2024-09-12 18:25:49	No
Gate.io	https://www.gate.io/announcements/article/38719	Delisting	Gate.io Completes Delisting and Buyback of MuratiAI (MURATIAI)	2024-09-12 18:25:49	No
Gate.io	https://www.gate.io/announcements/article/38648	Delisting	Gate.io Completes Delisting and Buyback of Socean Staked Sol (SCNSOL)	2024-09-12 18:25:49	No
Gate.io	https://www.gate.io/announcements/article/38639	Delisting	Gate.io will Delist Premarket DOGS/USDT Perpetual	2024-09-12 18:25:49	No
Gate.io	https://www.gate.io/announcements/article/38584	Delisting	Gate.io Completes Delisting and Buyback of Mojito (MOJITO)	2024-09-12 18:25:49	No
Gate.io	https://www.gate.io/announcements/article/38563	Delisting	Gate.io to Delist Aragon (ANT) and Support Redemption for ETH	2024-09-12 18:25:49	No
Gate.io	https://www.gate.io/announcements/article/38540	Delisting	Gate.io Completes Delisting and Buyback of PLAY Token (PLAY) , Hoge Finance (HOGE) , and YIN Finance (YIN)	2024-09-12 18:25:49	No
Gate.io	https://www.gate.io/announcements/article/38492	Delisting	Gate.io Not Supporting Catgirl (CATGIRL) Token Swap and Initiating a Delisting & Buyback Plan	2024-09-12 18:25:49	No
Gate.io	https://www.gate.io/announcements/article/38490	Delisting	Gate.io to Delist ZKX (ZKX)	2024-09-12 18:25:49	No
Gate.io	https://www.gate.io/announcements/article/38923	Gate Wealth	Gate Wealth Thursday: New BTC Hybrid Interest Rate Increased by 100%	2024-09-12 18:25:51	No
Gate.io	https://www.gate.io/announcements/article/38891	Gate Wealth	Quant Fund Introduces New Offering: Smart Arbitrage-USDT with an Expected Annualized Return of 8.84%	2024-09-12 18:25:51	No
Gate.io	https://www.gate.io/announcements/article/38868	Gate Wealth	Gate Wealth Tuesday: USDT Quante Fund with an Expected Annualized Return of 9.29%!	2024-09-12 18:25:51	No
Gate.io	https://www.gate.io/announcements/article/38838	Gate Wealth	Gate Wealth Monday: New USDT Hybrid Interest Rate Increased by 100%	2024-09-12 18:25:51	No
Gate.io	https://www.gate.io/announcements/article/38746	Gate Wealth	Gate Quant Fund New Page Launch: Expert Strategies, Transparent Performance, Steady Investment	2024-09-12 18:25:51	No
Gate.io	https://www.gate.io/announcements/article/38706	Gate Wealth	Gate Wealth Tuesday: USDT Quante Fund with an Expected Annualized Return of 9.04%!	2024-09-12 18:25:51	No
Gate.io	https://www.gate.io/announcements/article/38671	Gate Wealth	Gate Wealth Monday: USDT Quante Fund with an Expected Annualized Return of 6.59%!	2024-09-12 18:25:51	No
Gate.io	https://www.gate.io/announcements/article/38602	Gate Wealth	Gate Wealth Thursday: USDT Quante Fund with an Expected Annualized Return of 10.50%!	2024-09-12 18:25:51	No
Gate.io	https://www.gate.io/announcements/article/38569	Gate Wealth	Quant Fund Introduces New Offering: Arbitrage Pioneer - USDT with an Expected Annualized Return of 10.01%	2024-09-12 18:25:51	No
Gate.io	https://www.gate.io/announcements/article/38550	Gate Wealth	Quant Fund Principal Protection Initiative: 100% Principal Protection in 30 Days, Enjoy High Annualized Returns with USDT & BTC!	2024-09-12 18:25:51	No
Gate.io	https://www.gate.io/announcements/article/38545	Gate Wealth	Gate Wealth Tuesday: USDT Quante Fund with an Expected Annualized Return of 6.48%!	2024-09-12 18:25:51	No
Gate.io	https://www.gate.io/announcements/article/38520	Gate Wealth	Gate Wealth Monday: USDT Quante Fund with an Expected Annualized Return of 6.33%!	2024-09-12 18:25:51	No
Gate.io	https://www.gate.io/announcements/article/38474	Gate Wealth	Gate Wealth Thursday: BTC Quant Fund with an Expected Annualized Return of 1.04%, USDT Quante Fund with an Expected Annualized Return of 8.28%!	2024-09-12 18:25:51	No
Gate.io	https://www.gate.io/announcements/article/38447	Gate Wealth	Gate Wealth Wednesday: BTC Quant Fund with an Expected Annualized Return of 0.76%, USDT Quante Fund with an Expected Annualized Return of 8.44%!	2024-09-12 18:25:51	No
Gate.io	https://www.gate.io/announcements/article/38420	Gate Wealth	Gate Wealth Monday: BTC Quant Fund with an Expected Annualized Return of 1.42%, USDT Quante Fund with an Expected Annualized Return of 9.33%!	2024-09-12 18:25:51	No
Gate.io	https://www.gate.io/announcements/article/39200	New Cryptocurrency Listings	Gate.io Startup Free Offering: OctaSpace (OCTA) and Announcement of Free Distribution Rules (21,898 OCTA free of charge)	2024-09-12 18:25:53	No
Gate.io	https://www.gate.io/announcements/article/39185	New Cryptocurrency Listings	Gate.io Startup Initial Free Offering:AgentLayer (AGENT) and Announcement of Free Distribution Rules (1,200,000 AGENT free of charge)	2024-09-12 18:25:53	No
Gate.io	https://www.gate.io/announcements/article/39179	New Cryptocurrency Listings	Gate.io Startup:HAQQ Network (ISLM) Sale Result & Listing Schedule	2024-09-12 18:25:53	No
Gate.io	https://www.gate.io/announcements/article/39172	New Cryptocurrency Listings	GT Holder-Exclusive Airdrop: Gate.io Startup Initial Free Offering: Crypsure (CRS) and Only GT Subscription Rules Announcement (2,727,273 CRS free of charge)	2024-09-12 18:25:53	No
Gate.io	https://www.gate.io/announcements/article/39170	New Cryptocurrency Listings	GT Holder-Exclusive Airdrop: Gate.io Startup Free Offering: Zero1 Labs (DEAI) and Announcement of Free Distribution Rules (219,781 DEAI free of charge)	2024-09-12 18:25:53	No
Gate.io	https://www.gate.io/announcements/article/39167	New Cryptocurrency Listings	Gate.io opened deposits for Fractal Bitcoin (FB)	2024-09-12 18:25:53	No
Gate.io	https://www.gate.io/announcements/article/39166	New Cryptocurrency Listings	Gate.io Startup:LOVECHAIN (LCI) Initial Sale Result & Listing Schedule	2024-09-12 18:25:53	No
Gate.io	https://www.gate.io/announcements/article/39156	New Cryptocurrency Listings	Introducing Startup Mining MetaCene (MAK) Phase 2: Stake to Earn Mining Rewards!	2024-09-12 18:25:53	No
Gate.io	https://www.gate.io/announcements/article/39154	New Cryptocurrency Listings	Gate.io Startup Initial Free Offering:Debox (BOX) and Announcement of Free Distribution Rules (1,250,000 BOX free of charge)	2024-09-12 18:25:53	No
Gate.io	https://www.gate.io/announcements/article/39146	New Cryptocurrency Listings	Gate.io Announcement on Launching the Pre-Market Trade to RabBitcoin (RBTC)	2024-09-12 18:25:53	No
Gate.io	https://www.gate.io/announcements/article/39144	New Cryptocurrency Listings	PreMint CATI PreToken and Stake to Earn 1,500 TON Mining Rewards!	2024-09-12 18:25:53	No
Gate.io	https://www.gate.io/announcements/article/39124	New Cryptocurrency Listings	Introducing Counter Fire (CEC) on Startup Mining: Stake to Earn Mining Rewards!	2024-09-12 18:25:53	No
Gate.io	https://www.gate.io/announcements/article/39116	New Cryptocurrency Listings	Gate.io Startup Initial Free Offering: Matrix One (MATRIX) and Announcement of Free Distribution Rules (3,333,334 MATRIX free of charge)	2024-09-12 18:25:53	No
Gate.io	https://www.gate.io/announcements/article/39105	New Cryptocurrency Listings	Gate.io Startup:Counter Fire (CEC) Initial Sale Result & Listing Schedule	2024-09-12 18:25:53	No
Gate.io	https://www.gate.io/announcements/article/39103	New Cryptocurrency Listings	Gate.io will list Catizen (CATI)	2024-09-12 18:25:53	No
Gate.io	https://www.gate.io/announcements/article/39016	Gate Charity	A Day in the Nursing Home with Gate Keepers	2024-09-12 18:25:55	No
Gate.io	https://www.gate.io/announcements/article/38948	Gate Charity	Gate Charity Helps Educate And Inspire Children In Benin Through The Empowering Minds Book Donation Project	2024-09-12 18:25:55	No
Gate.io	https://www.gate.io/announcements/article/38931	Gate Charity	- Gate Charity Hosts Artistic Qixi Festival Event to Support Disadvantaged Communitie	2024-09-12 18:25:55	No
Gate.io	https://www.gate.io/announcements/article/38888	Gate Charity	Gate Charity Supports An Independence Day Festival For The Suku Anak Dalam Community in Skaladi Village, Indonesia	2024-09-12 18:25:55	No
Gate.io	https://www.gate.io/announcements/article/38871	Gate Charity	Gate Charity Partners with Fórum Animal to Support Terra dos Bichos Sanctuary	2024-09-12 18:25:55	No
Gate.io	https://www.gate.io/announcements/article/38684	Gate Charity	Gate Charity Empowers 65 Children with Essential School Supplies at Cam Ly Shelter Home	2024-09-12 18:25:55	No
Gate.io	https://www.gate.io/announcements/article/38528	Gate Charity	Gate Charity Launches Sustainable Green Future NFT (Taiwan) to Combat Plastic Pollution	2024-09-12 18:25:55	No
Gate.io	https://www.gate.io/announcements/article/38519	Gate Charity	Belgrad Forest Cleanup: Gate Charity's Inspiring Environmental Initiative	2024-09-12 18:25:55	No
Gate.io	https://www.gate.io/announcements/article/38422	Gate Charity	Friendship Knows No Borders: Gate Charitys Fundraiser for the Down Syndrome Association	2024-09-12 18:25:55	No
Gate.io	https://www.gate.io/announcements/article/38148	Gate Charity	Gate Charity's 'Happy Playground' Event Brings Joy to Children in Need	2024-09-12 18:25:55	No
Gate.io	https://www.gate.io/announcements/article/38123	Gate Charity	Gate Charity's 'Books for the Sea' Empowered Duano Tribe with Literacy Drive in Indonesia	2024-09-12 18:25:55	No
Gate.io	https://www.gate.io/announcements/article/38036	Gate Charity	Gate Charity Empowers Single Mothers with Warm Sharing, Together for the Future Initiative	2024-09-12 18:25:55	No
Gate.io	https://www.gate.io/announcements/article/37657	Gate Charity	Gate Charity Launches Sika Art Centre Empowering Young Artists NFT (Benin) to Support Artists in Benin	2024-09-12 18:25:55	No
Gate.io	https://www.gate.io/announcements/article/37489	Gate Charity	Gate Charity Partnered with SEAD to Launch Wellness & Care Initiative for Anak Dalam Tribe	2024-09-12 18:25:55	No
Gate.io	https://www.gate.io/announcements/article/37406	Gate Charity	Gate Charity Partners with Forum Animal for World Day to End Live Animal Exports Event	2024-09-12 18:25:55	No
Gate.io	https://www.gate.io/announcements/article/39198	Finance	Gate.io Supports SOL Staking: Earn 6.73% APR in Real-Time!	2024-09-12 18:25:58	No
Gate.io	https://www.gate.io/announcements/article/39194	Finance	Gate.io Flexible Staking & Earn ATOM/DOT/XTZ/TRX: Reap up to 1.6% - 13% APR!	2024-09-12 18:25:58	No
Gate.io	https://www.gate.io/announcements/article/39192	Finance	Gate.io Structured Product Launched: Earn up to 14% APR	2024-09-12 18:25:58	No
Gate.io	https://www.gate.io/announcements/article/39182	Finance	Gate.io HODL & Earn: Lock ANS To Earn 150% APR	2024-09-12 18:25:58	No
Gate.io	https://www.gate.io/announcements/article/39168	Finance	Gate.io Structured Product Launched: Earn up to 13% APR	2024-09-12 18:25:58	No
Gate.io	https://www.gate.io/announcements/article/39160	Finance	Gate.io HODL & Earn: Lock WAMPL To Earn 150% APR	2024-09-12 18:25:58	No
Gate.io	https://www.gate.io/announcements/article/39155	Finance	Gate.io HODL & Earn: Lock BYIN To Earn 150% APR	2024-09-12 18:25:58	No
Gate.io	https://www.gate.io/announcements/article/39140	Finance	Gate.io GT Staking Now Live on the App, Earn 15.46% Real-time APR!	2024-09-12 18:25:58	No
Gate.io	https://www.gate.io/announcements/article/39138	Finance	Gate.io Supports Simple Earn SUNDOG/POPCAT: Real-Time APR Reaches 499.32%!	2024-09-12 18:25:58	No
Gate.io	https://www.gate.io/announcements/article/39136	Finance	Gate.io Structured Product Launched: Earn up to 14% APR	2024-09-12 18:25:58	No
Gate.io	https://www.gate.io/announcements/article/39130	Finance	Gate.io Lock USDT & Earn: 40% APR Exclusively for New Users!	2024-09-12 18:25:58	No
Gate.io	https://www.gate.io/announcements/article/39126	Finance	Gate.io HODL & Earn: Lock CTP To Earn 150% APR	2024-09-12 18:25:58	No
Gate.io	https://www.gate.io/announcements/article/39113	Finance	Gate.io Supports GT Staking: Stake & Earn up to 10.49% APR Now!	2024-09-12 18:25:58	No
Gate.io	https://www.gate.io/announcements/article/39111	Finance	Gate.io Structured Product Launched: Earn up to 8% APR	2024-09-12 18:25:58	No
Gate.io	https://www.gate.io/announcements/article/39106	Finance	Gate.io HODL & Earn: Lock SKOP To Earn 150% APR	2024-09-12 18:25:58	No
Gate.io	https://www.gate.io/announcements/article/39048	Trading Competitions	Gate.io SWGT, GEMS, SEAL, 0DOG, TOSHI, SUNDOG, KONET and BN Trading Competition Reward Distributed Announcement	2024-09-12 18:26:00	No
Gate.io	https://www.gate.io/announcements/article/39027	Trading Competitions	Cross-Chain Decentralized Identity Solution: Apollo Name Service (ANS) Trading Competition is Live, Join and Share $10,000 Rewards!	2024-09-12 18:26:00	No
Gate.io	https://www.gate.io/announcements/article/38992	Trading Competitions	Blockchain-Enhanced Conversational AI: KITE AI (KITEAI) Trading Competition is Live, Join and Share $23,000 Rewards!	2024-09-12 18:26:00	No
Gate.io	https://www.gate.io/announcements/article/38971	Trading Competitions	DAO-Governed Multichain Launchpad: Pika Protocal (PIKA) Trading Competition is Live, Join and Share $22,000 Rewards!	2024-09-12 18:26:00	No
Gate.io	https://www.gate.io/announcements/article/38957	Trading Competitions	Decentralized Digital Advertising Platform: LTD Token (LTD) Trading Competition is Live, Join and Share $10,000 Rewards!	2024-09-12 18:26:00	No
Gate.io	https://www.gate.io/announcements/article/38903	Trading Competitions	Innovative Social Economy Engine: Moxie (MOXIE) Trading Competition is Live, Join and Share $60,000 Rewards!	2024-09-12 18:26:00	No
Gate.io	https://www.gate.io/announcements/article/38873	Trading Competitions	Gate.io CATDOG, NCN, WHY and CAD Trading Competition Reward Distributed Announcement	2024-09-12 18:26:00	No
Gate.io	https://www.gate.io/announcements/article/38859	Trading Competitions	Building with AI and Decentralization: Sonorus (SNS) Trading Competition is Live, Join and Share $13,000 Rewards!	2024-09-12 18:26:00	No
Gate.io	https://www.gate.io/announcements/article/38853	Trading Competitions	Cross-Chain Derivatives Token: Orderly Network (ORDER) Trading Competition is Live, Join and Share $39,000 Rewards!	2024-09-12 18:26:00	No
Gate.io	https://www.gate.io/announcements/article/38795	Trading Competitions	Domain Innovation & Cross-Chain Token: TNA (BN) Trading Competition is Live, Join and Share $25,000 Rewards!	2024-09-12 18:26:00	No
Gate.io	https://www.gate.io/announcements/article/38788	Trading Competitions	PoSDAO for Decentralized Governance: KONET (KONET) Trading Competition is Live, Join and Share $16,000 Rewards!	2024-09-12 18:26:00	No
Gate.io	https://www.gate.io/announcements/article/38767	Trading Competitions	A Dynamic Token on TRON: SunDog (SUNDOG) Trading Competition is Live, Join and Share $15,000 Rewards!	2024-09-12 18:26:00	No
Gate.io	https://www.gate.io/announcements/article/38760	Trading Competitions	Build on Base Blockchain: Toshi (TOSHI) Trading Competition is Live, Join and Share $14,000 Rewards!	2024-09-12 18:26:00	No
Gate.io	https://www.gate.io/announcements/article/38754	Trading Competitions	A Digital Playground: Bitcoin Dogs (0DOG) Trading Competition is Live, Join and Share $10,000 Rewards!	2024-09-12 18:26:00	No
Gate.io	https://www.gate.io/announcements/article/38734	Trading Competitions	Token Deployed on RGB++ Protocol: Seal (SEAL) Trading Competition is Live, Join and Share $12,000 Rewards!	2024-09-12 18:26:00	No
Gate.io	https://www.gate.io/announcements/article/39176	Deposit & Withdrawal	Gate.io Supports Upcoming Celestia (TIA) Upgrade	2024-09-12 18:26:02	No
Gate.io	https://www.gate.io/announcements/article/39158	Deposit & Withdrawal	Gate.io Completes Saitama (SAITAMA) Migration to SaitaChain (STCHAIN)	2024-09-12 18:26:02	No
Gate.io	https://www.gate.io/announcements/article/39061	Deposit & Withdrawal	Gate.io Completes WazirX (WRX) Token Migration	2024-09-12 18:26:02	No
Gate.io	https://www.gate.io/announcements/article/39040	Deposit & Withdrawal	Gate.io Completes Crypterium (CRPT) Migration to Choise (CHO)	2024-09-12 18:26:02	No
Gate.io	https://www.gate.io/announcements/article/39024	Deposit & Withdrawal	Gate.io Supports Upcoming Firo (FIRO) Upgrade	2024-09-12 18:26:02	No
Gate.io	https://www.gate.io/announcements/article/39014	Deposit & Withdrawal	Gate.io Completes Frontier (FRONT) to Self Chain (SLF) Token Migration	2024-09-12 18:26:02	No
Gate.io	https://www.gate.io/announcements/article/39013	Deposit & Withdrawal	Gate.io Completes Router Protocol (ROUTE) Token Split	2024-09-12 18:26:02	No
Gate.io	https://www.gate.io/announcements/article/39012	Deposit & Withdrawal	Gate.io Supports BLOCX (BLOCX) Upgrade Plan	2024-09-12 18:26:02	No
Gate.io	https://www.gate.io/announcements/article/39009	Deposit & Withdrawal	Gate.io Supports Upcoming Flow (FLOW) Network Upgrade and Hard Fork	2024-09-12 18:26:02	No
Gate.io	https://www.gate.io/announcements/article/38990	Deposit & Withdrawal	Gate.io Supports Upcoming Oasys (OAS) Upgrade	2024-09-12 18:26:02	No
Gate.io	https://www.gate.io/announcements/article/38979	Deposit & Withdrawal	Gate.io Completes SpongeBob (SPONGE) Token Migration	2024-09-12 18:26:02	No
Gate.io	https://www.gate.io/announcements/article/38958	Deposit & Withdrawal	Gate.io Supports Crypterium (CRPT) Migration to Choise (CHO)	2024-09-12 18:26:02	No
Gate.io	https://www.gate.io/announcements/article/38956	Deposit & Withdrawal	Gate.io Has Added CLOUD Perpetual Contract	2024-09-12 18:26:02	No
Gate.io	https://www.gate.io/announcements/article/38928	Deposit & Withdrawal	Gate.io Supports Upcoming Horizen (ZEN) Upgrade	2024-09-12 18:26:02	No
Gate.io	https://www.gate.io/announcements/article/38927	Deposit & Withdrawal	Gate.io Completes Finschia (FNSA) Merger to Klaytn (KLAY) and Facilitates Rebranding	2024-09-12 18:26:02	No
Gate.io	https://www.gate.io/announcements/article/38986	ETF	Regarding ETFs (DOT5L、UNI5L、ETH5L、ARB3L、EOS5L) Reverse Split	2024-09-12 18:26:04	No
Gate.io	https://www.gate.io/announcements/article/38814	ETF	Regarding ETFs (NEAR3S、TRX3S、DOGE5S、FTM3S、BTC5S) Reverse Split	2024-09-12 18:26:04	No
Gate.io	https://www.gate.io/announcements/article/38813	ETF	Regarding ETFs (EOS5S、SEI3S、FTT3S、PEPE3S、KLAY3S) Reverse Split	2024-09-12 18:26:04	No
Gate.io	https://www.gate.io/announcements/article/38654	ETF	Regarding ETFs (LTC5S、MATIC3L、BSV3L、RUNE3S、LDO3L) Reverse Split	2024-09-12 18:26:04	No
Gate.io	https://www.gate.io/announcements/article/38652	ETF	Regarding ETFs (ZEN3L、APT3L、BCH5S、DOGE5L、SUI3S) Reverse Split	2024-09-12 18:26:04	No
Gate.io	https://www.gate.io/announcements/article/38504	ETF	Regarding ETFs (STRK3L、SXP3L、GALA5L、GALA3L、BSV5L) Reverse Split	2024-09-12 18:26:04	No
Gate.io	https://www.gate.io/announcements/article/38503	ETF	Regarding ETFs (HBAR3L、XRP5S、FIL3L、AAVE3S、MASK3L) Reverse Split	2024-09-12 18:26:04	No
Gate.io	https://www.gate.io/announcements/article/38387	ETF	Regarding ETFs (LTC5L、CHZ3L、DYDX3L、APE3L、AXS5L) Reverse Split	2024-09-12 18:26:04	No
Gate.io	https://www.gate.io/announcements/article/37749	ETF	Regarding ETFs (SAND3L、MINA3L、KSM3L、EOS3L、ALGO3L) Reverse Split	2024-09-12 18:26:04	No
Gate.io	https://www.gate.io/announcements/article/37601	ETF	Regarding ETFs (BLUR3L、SHIB5L、BCH5L、GALA5L、LINK5L) Reverse Split	2024-09-12 18:26:04	No
Gate.io	https://www.gate.io/announcements/article/37286	ETF	Regarding ETFs (EOS5L、OMG3L、SNX3L、ARPA3L、KAVA3L) Reverse Split	2024-09-12 18:26:04	No
Gate.io	https://www.gate.io/announcements/article/37127	ETF	Regarding ETFs (BSV5L、PEOPLE3S、DOGE5L、AR3S、GALA5S) Reverse Split	2024-09-12 18:26:04	No
Gate.io	https://www.gate.io/announcements/article/35959	ETF	Regarding ETFs (ACH3S、UNI5L、BTC3S、QTUM3S、XRP3L) Reverse Split	2024-09-12 18:26:04	No
Gate.io	https://www.gate.io/announcements/article/35911	ETF	Regarding ETFs (DOT5L、GALA5L、AXS5L、GMT3L、XRP5L) Reverse Split	2024-09-12 18:26:04	No
Gate.io	https://www.gate.io/announcements/article/35001	ETF	Regarding ETFs (ADA3S、ETH5S、BLUR3S、SAND3S、MKR3S) Reverse Split	2024-09-12 18:26:04	No
Gate.io	https://www.gate.io/announcements/article/38651	Fee	Gate.io will Adjust the Funding Interval for RARE/USDT Perpetual Contract	2024-09-12 18:26:07	No
Gate.io	https://www.gate.io/announcements/article/39181	Live	Watch Live & Win VIP+1: The Future of Airdropped Tokens: Do Airdropped Tokens Have Long-term Holding Value?	2024-09-12 18:26:09	No
Gate.io	https://www.gate.io/announcements/article/39153	Live	Watch Live & Win VIP+1: Can this week's CPI release reverse the market downturn?	2024-09-12 18:26:09	No
Gate.io	https://www.gate.io/announcements/article/39151	Live	GateLive Live Mining Program - Bonuses Distribution Announcement (September 02 - September 08)	2024-09-12 18:26:09	No
Gate.io	https://www.gate.io/announcements/article/39131	Live	GateLive Riddle Week: Share $8,000 in Rewards, and VIP+1 New Viewers Bonus	2024-09-12 18:26:09	No
Gate.io	https://www.gate.io/announcements/article/39065	Live	GateLive Live Mining Program - Bonuses Distribution Announcement (August 26-September 01)	2024-09-12 18:26:09	No
Gate.io	https://www.gate.io/announcements/article/39064	Live	Watch Live & Claim VIP+1: Non-Farm Payroll Data Release Tonight—Positive or Negative Impact?	2024-09-12 18:26:09	No
Gate.io	https://www.gate.io/announcements/article/39038	Live	Watch Live & Win VIP+1: Cryptocurrency Millionaires Surge by 95%: Who Is Driving This Wealth Creation Wave?	2024-09-12 18:26:09	No
Gate.io	https://www.gate.io/announcements/article/38896	Live	GateLive Live Mining Program - Bonuses Distribution Announcement (August 19-August 25)	2024-09-12 18:26:09	No
Gate.io	https://www.gate.io/announcements/article/38782	Live	Watch Live & Win VIP+1: Prestigious Streamer & GatePost Content Creator Honour's Night	2024-09-12 18:26:09	No
Gate.io	https://www.gate.io/announcements/article/38723	Live	Watch Live & Win VIP+1: Will SUI Become the Solana Killer?	2024-09-12 18:26:09	No
Gate.io	https://www.gate.io/announcements/article/38707	Live	GateLive Live Mining Program - Bonuses Distribution Announcement (August 12-August 18)	2024-09-12 18:26:09	No
Gate.io	https://www.gate.io/announcements/article/38653	Live	New Streamers Exclusive Bonus: Double Trading Fee Commissions & VIP+1!	2024-09-12 18:26:09	No
Gate.io	https://www.gate.io/announcements/article/38616	Live	Watch GateLive Streams: Copy Trading Every Day, Win VIP+1 and Share $10,000!	2024-09-12 18:26:09	No
Gate.io	https://www.gate.io/announcements/article/38606	Live	Watch Live & Claim VIP+1: BTC Market Drop: Is It a Bottom or Bounce?	2024-09-12 18:26:09	No
Gate.io	https://www.gate.io/announcements/article/38596	Live	GateLive Live Mining Program - Bonuses Distribution Announcement (August 05-August 11)	2024-09-12 18:26:09	No
Gate.io	https://www.gate.io/announcements/article/38590	Gate Card	Gate Card Lucky Draw - Share a $50,000 USDT prize pool now, 100% Guaranteed Prizes for New and Existing Users!	2024-09-12 18:26:12	No
Gate.io	https://www.gate.io/announcements/article/38518	Gate Card	Get BTC Rewards:Apply for a Gate Card within the limited time to receive BTC rewards!	2024-09-12 18:26:12	No
Gate.io	https://www.gate.io/announcements/article/36478	Gate Card	Gate.io Launches Exclusive Gate Card Referral Program: Earn Up to $20 USDT and Offer 10% Cashback to Friends	2024-09-12 18:26:12	No
Gate.io	https://www.gate.io/announcements/article/36252	Gate Card	Gate Launches A Virtual Version Of Gate Visa Debit Card With Unmatched Benefits	2024-09-12 18:26:12	No
Gate.io	https://www.gate.io/announcements/article/35246	Gate Card	Gate's Cashback Visa Debit 'Gate Card' Now Available in 28 EEA Countries	2024-09-12 18:26:12	No
Gate.io	https://www.gate.io/announcements/article/34885	Gate Card	Gate Group Integrates Solartrip Travel Services, Offers Travel Rewards to Gate Card Cardholders	2024-09-12 18:26:12	No
Gate.io	https://www.gate.io/announcements/article/34470	Gate Card	Buy Crypto or Get a Gate Card - Win 1 BTC, 1 ETH, or 100 USDT!	2024-09-12 18:26:12	No
Gate.io	https://www.gate.io/announcements/article/34378	Gate Card	Gate's Cashback Visa Debit 'Gate Card' Available Soon in 29 EEA Countries	2024-09-12 18:26:12	No
Gate.io	https://www.gate.io/announcements/article/34111	Gate Card	Gate Card New Year Signup Campaign Announcement	2024-09-12 18:26:12	No
Gate.io	https://www.gate.io/announcements/article/34086	Gate Card	Gate Card 2.0 Update: Revolutionizing Your Spending Experience	2024-09-12 18:26:12	No
Gate.io	https://www.gate.io/announcements/article/33712	Gate Card	Win 2x Crypto by Buying Crypto with a Gate Card via Gate Connect	2024-09-12 18:26:12	No
Gate.io	https://www.gate.io/announcements/article/33610	Gate Card	Gate Card Black Friday Event: Earn 2X Cashback for 3 Months	2024-09-12 18:26:12	No
Gate.io	https://www.gate.io/announcements/article/33609	Gate Card	Unlock Gate VIP Privileges and USDT Cashback with the Gate Card Visa Debit	2024-09-12 18:26:12	No
Gate.io	https://www.gate.io/announcements/article/33097	Gate Card	Gate Card Black Friday Event: Earn 2X Cashback for 3 Months	2024-09-12 18:26:12	No
Gate.io	https://www.gate.io/announcements/article/32988	Gate Card	Unlock Gate VIP Privileges and USDT Cashback with the Gate Card Visa Debit	2024-09-12 18:26:12	No
Gate.io	https://www.gate.io/announcements/article/39098	Token Rename	Gate.io Completes DeFi Box (BOX) Rebranding to DeFi Box (DEFIBOX) and to Resume Trading	2024-09-12 18:26:15	No
Gate.io	https://www.gate.io/announcements/article/39041	Token Rename	Gate.io Supports DeFi Box (BOX) Rebranding	2024-09-12 18:26:15	No
Gate.io	https://www.gate.io/announcements/article/38367	Token Rename	Gate.io Completes Cyber Arena Token (CAT) Rebranding to Cyber Arena Token (CYBERARENA) and to Resume Trading	2024-09-12 18:26:15	No
Gate.io	https://www.gate.io/announcements/article/38299	Token Rename	Gate.io Supports Cyber Arena Token (CAT) Rebranding	2024-09-12 18:26:15	No
Gate.io	https://www.gate.io/announcements/article/38048	Token Rename	Gate.io Completes JobAi (JOB) Rebranding to JobAi (JOBAI) and to Resume Trading	2024-09-12 18:26:15	No
Gate.io	https://www.gate.io/announcements/article/37965	Token Rename	Gate.io Supports JobAi (JOB) Rebranding to JobAi (JOBAI)	2024-09-12 18:26:15	No
Gate.io	https://www.gate.io/announcements/article/37873	Token Rename	Gate.io Completes Altair (AIR) Rebranding to Altair (ALTAIR) and to Resume Trading	2024-09-12 18:26:15	No
Gate.io	https://www.gate.io/announcements/article/37819	Token Rename	Gate.io Supports Altair (AIR) Rebranding	2024-09-12 18:26:15	No
Gate.io	https://www.gate.io/announcements/article/37764	Token Rename	Gate.io Completes GM (GM) Rebranding to GM (GMWAGMI) and to Resume Trading	2024-09-12 18:26:15	No
Gate.io	https://www.gate.io/announcements/article/37742	Token Rename	Gate.io Supports GM (GM) Rebranding	2024-09-12 18:26:15	No
Gate.io	https://www.gate.io/announcements/article/37674	Token Rename	Gate.io Completes Drops Ownership Power (DOP) Rebranding to Drops Ownership Power (DROPS) and to Resume Trading	2024-09-12 18:26:15	No
Gate.io	https://www.gate.io/announcements/article/37659	Token Rename	Gate.io Supports Drops Ownership Power (DOP) Rebranding	2024-09-12 18:26:15	No
Gate.io	https://www.gate.io/announcements/article/37298	Token Rename	Gate.io Supports Caitlyn Jenner (JENNER) Rebranding	2024-09-12 18:26:15	No
Gate.io	https://www.gate.io/announcements/article/37002	Token Rename	Gate.io Completes Polyhedra Network (ZK) Renaming to Polyhedra Network (ZKJ) and to Resume Trading	2024-09-12 18:26:15	No
Gate.io	https://www.gate.io/announcements/article/36935	Token Rename	Gate.io Supports Polyhedra Network (ZK) Renaming	2024-09-12 18:26:15	No
Gate.io	https://www.gate.io/announcements/article/39157	Engine Upgrade	Gate.io Scheduled Perpetual Contracts (USDT & BTC Margin) Upgrade (11 September, 16: 00-16: 10 UTC)	2024-09-12 18:26:18	No
Gate.io	https://www.gate.io/announcements/article/39082	Engine Upgrade	Gate.io Scheduled Spot Trading Engine Upgrade (06 Sep 16: 00 - 16: 30 UTC)	2024-09-12 18:26:18	No
Gate.io	https://www.gate.io/announcements/article/38962	Engine Upgrade	Gate.io Scheduled Spot Trading Engine Upgrade 02 Sep 16: 00 - 16: 30 UTC)	2024-09-12 18:26:18	No
Gate.io	https://www.gate.io/announcements/article/38752	Engine Upgrade	Gate.io Scheduled Perpetual Contracts (USDT & BTC Margin) Upgrade (22 August, 16: 00-16: 10 UTC)	2024-09-12 18:26:18	No
Gate.io	https://www.gate.io/announcements/article/38428	Engine Upgrade	Gate.io Scheduled Perpetual Contracts (USDT & BTC Margin) Upgrade (07 August 16: 00-16: 10 UTC)	2024-09-12 18:26:18	No
Gate.io	https://www.gate.io/announcements/article/38568	Fiat	New Feature! Sell Crypto to Your Debit/Credit Cards Seamlessly via Gate Connect	2024-09-12 18:26:19	No
Gate.io	https://www.gate.io/announcements/article/39171	Precision	Gate.io Will Adjust Tick Size for Multiple USDT Margined Perpetuals (12 Sep 08:00 UTC)	2024-09-12 18:26:21	No
Gate.io	https://www.gate.io/announcements/article/39067	Precision	Gate.io Will Adjust Tick Size for Multiple Spot Trading Pairs (09 September 02:00 UTC)	2024-09-12 18:26:21	No
Gate.io	https://www.gate.io/announcements/article/38817	Precision	Gate.io Will Adjust Tick Size for Multiple Spot Trading Pairs (27 August 02:00 UTC)	2024-09-12 18:26:21	No
Gate.io	https://www.gate.io/announcements/article/38650	Precision	Gate.io Will Adjust Tick Size for Multiple Spot Trading Pairs (19 August 03:30 UTC)	2024-09-12 18:26:21	No
Gate.io	https://www.gate.io/announcements/article/38573	Precision	Gate.io Will Adjust Tick Size for Multiple USDT Margined Perpetuals (15 August 08:00 UTC)	2024-09-12 18:26:21	No
Gate.io	https://www.gate.io/announcements/article/37415	Precision	Gate.io Adjusted Tick Size for Beercoin (BEER) , MEDIEUS (MDUS) and ZELIX (ZELIX) Spot Trading Pairs	2024-09-12 18:26:21	No
Gate.io	https://www.gate.io/announcements/article/39143	P2P Trading	P2P Winners and Rewards of NGN Top Merchants Event	2024-09-12 18:26:23	No
Gate.io	https://www.gate.io/announcements/article/39108	P2P Trading	[Limited Fiats Only]Trade via P2P to split the prize pool worth $2000!	2024-09-12 18:26:23	No
Gate.io	https://www.gate.io/announcements/article/39060	P2P Trading	P2P Advertisers: Compete and Earn Up to 250 USDT Weekly!	2024-09-12 18:26:23	No
Gate.io	https://www.gate.io/announcements/article/39039	P2P Trading	Exclusive EMEA P2P Referral Campaign: Win a share of 3,000 USDT!	2024-09-12 18:26:23	No
Gate.io	https://www.gate.io/announcements/article/38885	P2P Trading	P2P Announcement: Winners and rewards of NGN Top Merchants Event	2024-09-12 18:26:23	No
Gate.io	https://www.gate.io/announcements/article/38867	P2P Trading	Gate.io Trading Boost Contest. Share a 3,000 USDT Price Pool for Top THB Merchants with a chance for a lucky draw	2024-09-12 18:26:23	No
Gate.io	https://www.gate.io/announcements/article/38787	P2P Trading	Gate.io P2P: Update on Security Deposit for New Merchants	2024-09-12 18:26:23	No
